module,status,runtime,peak_memory,LUT,FF,BRAM,DSP,estimated_period,last_pass,warnings,report_path,log_path
synth_frontend_top,PASS,15.16,1520768,730,398,0,0,3.474 ns,Command csynth_design CPU user time,12,/home/lab_726/boom/hls_boom/boom_hls_gate3_2_synth_frontend_top/solution_module/syn/report/synth_frontend_top_csynth.rpt,/home/lab_726/boom/hls_boom/reports/gate3_2/module_csynth/synth_frontend_top.log
synth_decode_top,PASS,15.13,1521868,98,165,0,0,1.526 ns,Command csynth_design CPU user time,7,/home/lab_726/boom/hls_boom/boom_hls_gate3_2_synth_decode_top/solution_module/syn/report/synth_decode_top_csynth.rpt,/home/lab_726/boom/hls_boom/reports/gate3_2/module_csynth/synth_decode_top.log
synth_rename_top,PASS,15.06,1521116,77,15,0,0,1.950 ns,Command csynth_design CPU user time,4,/home/lab_726/boom/hls_boom/boom_hls_gate3_2_synth_rename_top/solution_module/syn/report/synth_rename_top_csynth.rpt,/home/lab_726/boom/hls_boom/reports/gate3_2/module_csynth/synth_rename_top.log
synth_rob_top,PASS,15.30,1520916,71,13,0,0,1.829 ns,Command csynth_design CPU user time,9,/home/lab_726/boom/hls_boom/boom_hls_gate3_2_synth_rob_top/solution_module/syn/report/synth_rob_top_csynth.rpt,/home/lab_726/boom/hls_boom/reports/gate3_2/module_csynth/synth_rob_top.log
synth_issue_top,PASS,18.64,1520404,7178,4125,0,0,1.847 ns,Command csynth_design CPU user time,9,/home/lab_726/boom/hls_boom/boom_hls_gate3_2_synth_issue_top/solution_module/syn/report/synth_issue_top_csynth.rpt,/home/lab_726/boom/hls_boom/reports/gate3_2/module_csynth/synth_issue_top.log
synth_execute_top,PASS,16.01,1521688,1685,247,4,3,5.819 ns,Command csynth_design CPU user time,8,/home/lab_726/boom/hls_boom/boom_hls_gate3_2_synth_execute_top/solution_module/syn/report/synth_execute_top_csynth.rpt,/home/lab_726/boom/hls_boom/reports/gate3_2/module_csynth/synth_execute_top.log
synth_lsu_top,PASS,17.22,1521124,712,415,2,0,3.474 ns,Command csynth_design CPU user time,15,/home/lab_726/boom/hls_boom/boom_hls_gate3_2_synth_lsu_top/solution_module/syn/report/synth_lsu_top_csynth.rpt,/home/lab_726/boom/hls_boom/reports/gate3_2/module_csynth/synth_lsu_top.log
synth_commit_top,PASS,16.34,1521200,530,236,2,0,3.474 ns,Command csynth_design CPU user time,6,/home/lab_726/boom/hls_boom/boom_hls_gate3_2_synth_commit_top/solution_module/syn/report/synth_commit_top_csynth.rpt,/home/lab_726/boom/hls_boom/reports/gate3_2/module_csynth/synth_commit_top.log
synth_core_step_top,PASS,35.34,1521220,20151,7338,11,3,7.112 ns,Command csynth_design CPU user time,144,/home/lab_726/boom/hls_boom/boom_hls_gate3_2_synth_core_step_top/solution_module/syn/report/synth_core_step_top_csynth.rpt,/home/lab_726/boom/hls_boom/reports/gate3_2/module_csynth/synth_core_step_top.log
