state_group,classification,runtime_reset_behavior,representative_rtl_evidence,gate3_8_implication
"top/core HLS FSMs and helper start flags",RESET_EXPLICIT,"return to idle on ap_rst","reports/gate3_8/baseline_artifacts/conservative_rtl/boom_core_top.v:350-367; boom_core_top_boom_core_cycle_io.v:23134-23236","control restarts while architectural state is retained"
"frontend PC/request/response/fetch valid",RESET_INITIAL_ONLY,"initialized at elaboration and updated without an ap_rst branch","boom_core_top_boom_core_cycle_io.v:2088-2092,8714-8718,23292-23330","direct cause of retained 0x80000000 first fetch in R6 and P0"
"frontend fetch packet payload",RESET_INITIAL_ONLY,"instruction and debug PC survive runtime reset","boom_core_top_boom_core_cycle_io.v:8725-8726,23474-23483","payload is not protected because fetch_packet_valid also survives"
"frontend private fetch IDs and response latches",RESET_EXPLICIT,"fetch ID and response tracking return to reset values","boom_core_top_frontend_module.v:222-287","private tracking restarts inconsistently with retained top-level frontend state"
"ROB head/tail/full metadata",RESET_INITIAL_ONLY,"ROB occupancy and pointers survive runtime reset","boom_core_top_boom_core_cycle_io.v:1669,2086-2087,2981,8711-8713,8724,23430-23454,23492-23496","nonempty ROB can remain logically live after control restart"
"ROB valid bits",RESET_INITIAL_ONLY,"RAM reset input is unused; contents come from readmemh only","boom_core_top_boom_core_cycle_io_state_rob_entries_valid_RAM_AUTO_1R1W.v:17-35","stale ROB entries remain visible after reset"
"ROB entry payload and status",RESET_INITIAL_ONLY,"uop/busy/exception/memory RAMs ignore reset","boom_core_top_boom_core_cycle_io.v:12940,12967,14127,14141","retained valids expose retained payload and status"
"IQ pointers/count",RESET_INITIAL_ONLY,"occupancy metadata survives reset","boom_core_top_boom_core_cycle_io.v:636-637,8702-8703,23332-23346","restarted issue control can observe old occupancy"
"IQ entries and valid bits",RESET_INITIAL_ONLY,"valid and payload RAMs ignore reset","boom_core_top_boom_core_cycle_io_state_issue_alu_iq_entries_valid_RAM_AUTO_1R1W.v:17-35","old dependencies and requests can remain active"
"issued uops and valid bits",RESET_INITIAL_ONLY,"issued slots survive runtime reset","boom_core_top_boom_core_cycle_io_state_issue_issued_valids_RAM_AUTO_1R1W.v:17-35","old issued work can remain visible to restarted execute control"
"rename speculative and committed maps",RESET_INITIAL_ONLY,"mapping RAMs ignore reset","boom_core_top_boom_core_cycle_io_state_rename_int_map_table_map_table_RAM_AUTO_1R1W.v:20-46","architectural and speculative mappings are not restored"
"rename free-list pointers/count",RESET_INITIAL_ONLY,"head/tail/count survive reset","boom_core_top_boom_core_cycle_io.v:2113,2126,2132,8719-8721,23412-23428,23486-23490","free-list ownership can disagree with restarted control"
"rename free-list storage and busy table",RESET_INITIAL_ONLY,"RAMs are initialized by readmemh and ignore reset","boom_core_top_boom_core_cycle_io_state_rename_int_free_list_free_list_RAM_AUTO_1R1W.v:17-35; boom_core_top_boom_core_cycle_io_state_rename_int_free_list_busy_table_RAM_AUTO_1R1W.v:20-46","busy producers and free registers can remain stale"
"branch snapshots and allocation lists",RESET_INITIAL_ONLY,"snapshot and allocation-list RAMs ignore reset","boom_core_top_boom_core_cycle_io_state_rename_int_map_table_br_snapshots_RAM_AUTO_1R1W.v:17-35; boom_core_top_boom_core_cycle_io_state_branch_state_br_alloc_lists_RAM_AUTO_1R1W.v:17-35","recovery state can outlive its control epoch"
"integer physical register file",RESET_INITIAL_ONLY,"RF contents are initialized only by readmemh","boom_core_top_boom_core_cycle_io_state_int_rf_RAM_AUTO_1R1W.v:20-46","retention is unsafe because maps/free/busy state is not coherently reset"
"execute-result slots and valids",RESET_INITIAL_ONLY,"result valid and payload RAMs ignore reset","boom_core_top_boom_core_cycle_io_state_execute_alu_results_valid_RAM_AUTO_1R1W.v:17-35","stale result/branch/memory state can be consumed after restart"
"LDQ/STQ pointers and counts",RESET_INITIAL_ONLY,"queue occupancy metadata survives reset","boom_core_top_boom_core_cycle_io.v:1665-1668,8707-8710,23348-23362,23396-23410","queues are not emptied by runtime reset"
"LDQ/STQ entries and status",RESET_INITIAL_ONLY,"valid, pending, completed, address, data, and commit RAMs ignore reset","boom_core_top_boom_core_cycle_io.v:12590,12646-12660,12744,12772-12828","pre-reset transactions can remain logically active"
"pending load transaction bookkeeping",RESET_INITIAL_ONLY,"pending flag, ROB index, and transaction ID survive reset","boom_core_top_boom_core_cycle_io.v:1552-1559,2980,8704-8706,8723,23364-23394","transport reset can become inconsistent with retained LSU transaction state"
"branch active mask and snapshot/tag valids",RESET_INITIAL_ONLY,"active branch state survives reset","boom_core_top_boom_core_cycle_io.v:2138,8722,23284-23290,14224,14328","old branch epoch can affect post-reset recovery"
"branch update valid/mispredict",RESET_EXPLICIT,"valid and mispredict clear; target/masks remain initial-only","boom_core_top_boom_core_cycle_io.v:23238-23259,23456-23472","cleared valid is insufficient because producers and recovery stores survive"
"CSR cycle counter",RESET_EXPLICIT,"returns to zero on ap_rst","boom_core_top_boom_core_cycle_io.v:162,8698,23262-23269","counter reset is coherent but does not reset the machine"
"internal stream FIFO occupancy",RESET_EXPLICIT,"read/write pointers and empty/full state reset","boom_core_top_fifo_w518_d2_S.v:73-106","pre-reset internal beats are discarded"
"internal stream FIFO payload",RESET_BY_VALID,"payload is retained but FIFO is marked empty","boom_core_top_fifo_w518_d2_S.v:25-38,82-88","retained payload is inaccessible after reset"
"AXIS register-slice control",RESET_EXPLICIT,"selectors and occupancy state reset","boom_core_top_regslice_both.v:42-79,155-191","pre-reset interface beats are invalidated"
"AXIS register-slice payload",RESET_BY_VALID,"payload is retained behind reset validity state","boom_core_top_regslice_both.v:82-95","retained payload is inaccessible after reset"
