path,sha256,artifact_class
reports/gate4_0/w4/w4_results.md,54c446ced00e8be81f784f71cfafb440667b30e8b08e8da50ca97951e4133f32,canonical_evidence
reports/gate4_0/w4/regression_after.md,e33c6fa72a4439a545d50a249d1b09293942bea97fee0fe84da1adbd1d3ff803,canonical_evidence
reports/gate4_0/w4/resource_summary.csv,1938e5d6a0fa8f14216e054d743297361209afc9005eb696fb10ac80f7d6e0e8,canonical_evidence
reports/gate4_0/w4/stage_resource_delta.csv,bed2c0dc6aa1466d75ccfae40204dcad5f8d611e791fbe80ec0cb9f5fa1d8cbe,canonical_evidence
reports/gate4_0/w4/critical_path_analysis.md,363f800acaae6e8898136fa464ef00f79b085ebb19d393392a9ebeee077684b7,canonical_evidence
reports/gate4_0/w4/concurrency_metrics.csv,089f75dcf7e902729c63a4a52d6f900ba91ea62fbc2a6dd5eaf2f264c91306d2,canonical_evidence
reports/gate4_0/w4/prf_after.csv,8ed36cf153f84b0f547189723c2cdcc4494660f55f8f718f6b9c5a6cb61858c1,canonical_evidence
reports/gate4_0/w4/rtl_test_matrix.csv,535b7c758826ebd9bee3c59af0253e7a5ae580f2aab43d70caf1f20800da296f,canonical_evidence
reports/gate4_0/w4/rtl_focused_summary.json,b424be64970311bb1e153ac6c13088e69dbd552fc84abd4bc5fb0c3bfe6c36f8,canonical_evidence
reports/gate4_0/w4/diagnostic_rtl_hashes.txt,19493af738b039ead3f2b7160696b0113baa9c8907dcb45618e0e6fe26407d13,canonical_evidence
reports/gate4_0/w4/rtl_logs/w4_rtl_guardrails.log,d8a83625fe4b9ad006645a0db1a21d1cec2c16323cc67138ec0901c534eac7bf,canonical_evidence
reports/gate4_0/w4/rtl_logs/core_step_queued_response_retention.log,c81017f9ae5526b060ea152a3345014f25db4963f41f77b168b5a72c3f7b9fe2,canonical_evidence
reports/gate4_0/w4/full_core_rtl_matrix.csv,7fa00cb47f3a8b594103f88d14a3b5b85828c296b19c65cfbb2f457e5872b6c2,canonical_evidence
reports/gate4_0/w4/full_core_rtl_status.csv,144140009821e5ae48e5a5ab3a48772030cf7e2c01a9b591df43322fa8493a50,canonical_evidence
reports/gate4_0/w4/full_core_rtl_summary.json,2736997bdbcfcaf8ff8c3e30d2be9ac06ce0ded99273b2d853bcf0a54e8884f1,canonical_evidence
reports/gate4_0/w4/full_core_rtl_hashes.txt,79e9cc020da5c0725b592a6b239d80a5cadcf1a9e1fb8d109de644dccec9f675,canonical_evidence
reports/gate4_0/w4/full_core_source_hashes.txt,74066f7617431d5177a7c0d8322fcf6e1df23fb18b637db4736cf5f50dcfa09c,canonical_evidence
reports/gate4_0/w4/full_core_artifact_hashes.csv,3a7d473bca5f99d8360b684489414dec1859af32d2936a563ae8ab4538aaa8df,canonical_evidence
reports/gate4_0/w4/source_hashes_after.txt,96fc155c19f193e1b8a3a4ce5fa67b4578b06bb591cf7d6343ee80245865c457,canonical_evidence
reports/gate4_0/w4/product_source_hashes.txt,74066f7617431d5177a7c0d8322fcf6e1df23fb18b637db4736cf5f50dcfa09c,canonical_evidence
reports/gate4_0/w4/diagnostic_source_hashes.txt,11881dceb2c0e9aca6d9ebe8f000f5f7f5589f2a62ca7eea2b439ffafdfddb56,canonical_evidence
reports/gate4_0/w4/product_rtl_binding.json,ee4b9129a90015c73fae3bb856b6f4051a8a9cd7d36bb27f2a6f3e89163dca2a,canonical_evidence
reports/gate4_0/w4/csynth_source_binding.json,827eeaa1c15d002287a11512827527294cc6b36b5440951eba64de76d1a2ed31,canonical_evidence
reports/gate4_0/w4/source_scope.md,aad8e1236da465ce8f3311078c9fd0ba465b6b57897c7c4708477c7d95b0cf9a,canonical_evidence
reports/gate4_0/w4/wakeup_port_mapping.csv,00f3a937e00bf302ac1c828a111c01841c4d220e7973affa2b2b25bd83aa8afd,canonical_evidence
reports/gate4_0/w4/rob_complete_port_mapping.csv,c708b040c4349c7492d2f107f08ee3086d724d81f89b519fc053ea9488cb9170,canonical_evidence
reports/gate4_0/w4/writeback_topology.csv,df890ca9bff96e818e9c317f76cba7f4de2daab1ecd0c8835d3818bf3b0b9174,canonical_evidence
reports/gate4_0/w4/regression/w4e/suite_results.csv,4fb61e02f6449aa7a2cdef275f2206af4c88c53c9b83906408457d50f91d7a4d,canonical_evidence
reports/gate4_0/w4/regression/w4e/logs/w4_completion_random_tests.log,5030342fca43c964aaa1a78124a9075effc33ac854544e488e4f33c7b5b9497f,canonical_evidence
reports/gate4_0/stage_resource_summary.csv,e53de5472c81bbc56704d8b812a2947d8940464008d27d998f8cebd6c5021cfa,canonical_evidence
reports/gate4_0/README.md,610545f00069a0df9cb4fee4f54846a9d4762f824cbe2df58752fd1b10224578,documentation
docs/w4_wakeup_bypass_semantics.md,8bb0a7e798ffbbdfcf0c1633d03af89917cce18681c16cac5ba1f2e7921ae902,documentation
docs/w4_prf_multiwrite_strategy.md,e9e0f71b31fee27bb608396c592060e8bfb4f98d7d29845e4f76ac0aab7b3561,documentation
docs/w4_completion_topology.md,64b8034131d1d65bc74c846a91090082a89b9c4f9b44ff49ab20a0ef7ba415fc,documentation
docs/gate4_0_wide_issue.md,66529234a1c9edd09679448fef12ea62011caa523c244ba6f973573351fd9f48,documentation
docs/implementation_status.md,a0ca9b18625c8816028ac2548838c7a6a922b8f520ef7fd2ae50b5d5ea8f3243,documentation
docs/equivalence_summary.md,8c5d67422de6623aec214a85ef02845eb26fb8098b02b58ef8688988aff78599,documentation
docs/module_inventory.md,578799eeb7e3373b3676f54ca6d14199037a4beabf5d690a5788d057a1c378a5,documentation
docs/module_equivalence.csv,caf08c3f342503b9175c556d80b8f94becd622610bb5c2fc045da47bb4fe46b1,documentation
docs/verification_plan.md,30391127b926a67c0887142f0f471562681d81043ddbd63dac31405b3960b4ac,documentation
docs/critical_path_analysis.md,21ef8c90d1eca418617d71b77918f5cc221625c886de930084eda98d18c078f5,documentation
reports/gate4_0/w4/csynth_final/boom_core_top/boom_core_top_csynth.rpt,a3ce1a4fa99b7b73efac0d3216e8c3901d3eab5b4adcd312c970a83eeda06e54,final_csynth
reports/gate4_0/w4/csynth_final/boom_core_top/boom_core_top_csynth.xml,131bedf72055d9b23a98fc5f373d2507d5620205bf6237a7af85670afc6e7a9e,final_csynth
reports/gate4_0/w4/csynth_final/boom_core_top/csynth.log,b6401101b0d97c0e9c327cef659f07d67727a50b2b3c52d4529c89d0a4e16bc7,final_csynth
reports/gate4_0/w4/csynth_final/boom_core_top/csynth.time,977e7a3ac2846d1593f2d3a0469cb66439d2a9dd6b04ac19b84975ec731935ce,final_csynth
reports/gate4_0/w4/csynth_final/boom_core_top/verbose/boom_core_top.verbose.bind.rpt,d89d69b3af46528a07d86d896cd31cd1512c010bb5b70e5f4364c0a1bcb06962,final_csynth
reports/gate4_0/w4/csynth_final/boom_core_top/verbose/boom_core_top.verbose.rpt,aa6eb409c0ebfb649a63d8c9097a5c762156d27f5dfc3116fc8b45df1523c5c9,final_csynth
reports/gate4_0/w4/csynth_final/boom_core_top/verbose/boom_core_top.verbose.sched.rpt,91adab422fca151746e091dd8baf81ad6d78615f2ff0753ab18a917de94bf7ca,final_csynth
reports/gate4_0/w4/csynth_final/boom_core_top/verbose/execute_module.verbose.rpt,df87798007ccc6d01f00d2059f51e912538f2315f13dc9a9f98c2604db725c81,final_csynth
reports/gate4_0/w4/csynth_final/boom_core_top/verbose/execute_module.verbose.sched.rpt,0f59b4d5be78f2ebe063ba341433f614c6663c674ead45708bcb1dabb58e03fa,final_csynth
reports/gate4_0/w4/csynth_final/synth_completion_top/csynth.log,46148431b0ed10bdfaccd78cf270c7061ccf94c32cf8c276bbb104522f6a0e1e,final_csynth
reports/gate4_0/w4/csynth_final/synth_completion_top/csynth.time,4d72d597a6641dcf0382c7f9054de345b4986e787c10c2efa4b5d47980227d21,final_csynth
reports/gate4_0/w4/csynth_final/synth_completion_top/synth_completion_top_csynth.rpt,5442793f4c59b13e8cc43bfa40a9fd5563f8aa0542be2a535d3f415bd3f61a52,final_csynth
reports/gate4_0/w4/csynth_final/synth_completion_top/synth_completion_top_csynth.xml,3b5aeec4348a1fe0f59d0e86eb0f9ddb9f71ffd49067d886baa807f6de3ffd2b,final_csynth
reports/gate4_0/w4/csynth_final/synth_completion_top/verbose/synth_completion_top.verbose.bind.rpt,62e7bd8c195c106b91aa221412e6cdfa4bbf00beeb7c099619f1c77c5593dfe2,final_csynth
reports/gate4_0/w4/csynth_final/synth_completion_top/verbose/synth_completion_top.verbose.rpt,061e34ca00fe8e9982866c208bf06f58819b132d86fc53adf0a5d6d7cf83dd31,final_csynth
reports/gate4_0/w4/csynth_final/synth_completion_top/verbose/synth_completion_top.verbose.sched.rpt,371092fbe3b1b0a1993b35bce56673f4602d24c0030cfb1593b2845f4f6a7eb9,final_csynth
reports/gate4_0/w4/csynth_final/synth_core_step_top/csynth.log,cd98c2c65494f6bb5b46a36fcd5f1b06cc050e694a58e25c69b49fc33fa71cbd,final_csynth
reports/gate4_0/w4/csynth_final/synth_core_step_top/csynth.time,da094bfeab324bc3d155172c6259ca6666f71965067d29707aca24272bd67777,final_csynth
reports/gate4_0/w4/csynth_final/synth_core_step_top/synth_core_step_top_csynth.rpt,2d14ca73690ef69f1b241d24ffd24c418ade8fb822f298f3ed7b08487985f439,final_csynth
reports/gate4_0/w4/csynth_final/synth_core_step_top/synth_core_step_top_csynth.xml,c6a3fa94142f1f968a062b2d1e7afc5fa2bb8ba818e0e09ed08f9a5a900f18f9,final_csynth
reports/gate4_0/w4/csynth_final/synth_core_step_top/verbose/execute_module.verbose.rpt,db59ae8f421242f1bbb442b7c31c0571c5036da04b11e467755e0b728b9c1757,final_csynth
reports/gate4_0/w4/csynth_final/synth_core_step_top/verbose/execute_module.verbose.sched.rpt,c1366b052b6e740de48a7e12a948c1dc33d996280d1d94824e71507d9306d3d5,final_csynth
reports/gate4_0/w4/csynth_final/synth_core_step_top/verbose/synth_core_step_top.verbose.bind.rpt,c3bf9ea46df274f57fd76f5fe3a99c922ca3fc51f19462c1706b99c450adb398,final_csynth
reports/gate4_0/w4/csynth_final/synth_core_step_top/verbose/synth_core_step_top.verbose.rpt,57ed50f9e0b1d13eb96b4024a34a038ea06c00915d06dd212e847c00547a9a08,final_csynth
reports/gate4_0/w4/csynth_final/synth_core_step_top/verbose/synth_core_step_top.verbose.sched.rpt,e2a19b6f6b144ee1e8e3907dc8295429356c18a601830b82c9fe893e7e07e1c2,final_csynth
reports/gate4_0/w4/csynth_final/synth_execute_top/csynth.log,ec23e76a4f11fb306517ac03186879715a96fc77c5f2e2d4ef693545456d15cb,final_csynth
reports/gate4_0/w4/csynth_final/synth_execute_top/csynth.time,0b3c30a169b83a339e440a7527c6645aa40b8a29d487aa00089cfd04ac6c6cf0,final_csynth
reports/gate4_0/w4/csynth_final/synth_execute_top/synth_execute_top_csynth.rpt,f4b8190d025c669d6bf83b32ffda883c3d9c0e79ad6ed28f4b401877dbd5b0d9,final_csynth
reports/gate4_0/w4/csynth_final/synth_execute_top/synth_execute_top_csynth.xml,04a79bb5b07dbdcdf57d5e6ce9861d845fcb24fc335dbc1d419735714162a08e,final_csynth
reports/gate4_0/w4/csynth_final/synth_execute_top/verbose/synth_execute_top.verbose.bind.rpt,3fe6a9accb65cc2648cece3ea7f06e2ac3757a1e6b4928e847a80751e5d4d894,final_csynth
reports/gate4_0/w4/csynth_final/synth_execute_top/verbose/synth_execute_top.verbose.rpt,b164db53567c684fb05a3e0f2132001781eb2d947285eecb5d6edbeb36564d5b,final_csynth
reports/gate4_0/w4/csynth_final/synth_execute_top/verbose/synth_execute_top.verbose.sched.rpt,0dbf4f5f0f0757e9eadf2acb1ae55c29e27ba4373d6f94d088c8e88f47c72dc9,final_csynth
reports/gate4_0/w4/csynth_final/synth_issue_top/csynth.log,38e24c9005f28d30e053a0923714ee533095b217299e1bbedf591ec5e9e693e8,final_csynth
reports/gate4_0/w4/csynth_final/synth_issue_top/csynth.time,4e693b0131633a69a7ae3a6f50c75d1aee53d7c57721ce13c47d1907fc36f69e,final_csynth
reports/gate4_0/w4/csynth_final/synth_issue_top/synth_issue_top_csynth.rpt,1ef3c64d854c2609385dd68c66763eea9ac9663257c1b25bc13b44353f8283a3,final_csynth
reports/gate4_0/w4/csynth_final/synth_issue_top/synth_issue_top_csynth.xml,85701f9f64587504c2746a2d582c8d8d145c06b450f6258d73c6dc0400ee2cc5,final_csynth
reports/gate4_0/w4/csynth_final/synth_issue_top/verbose/synth_issue_top.verbose.bind.rpt,604f2b4fb6d61f1a249e2a9e20bc2f91c8a8f72cd7a1e8a20c096431b69b83ef,final_csynth
reports/gate4_0/w4/csynth_final/synth_issue_top/verbose/synth_issue_top.verbose.rpt,303f6ce4589fc49d194b118089af701237def53e18cfcdb9e93d7f814f9847de,final_csynth
reports/gate4_0/w4/csynth_final/synth_issue_top/verbose/synth_issue_top.verbose.sched.rpt,8390d7d1ecc634f0e8c631f7d6f0849b676ada9b9e02a48623a65e82a0e34c5a,final_csynth
reports/gate4_0/w4/csynth_final/synth_lsu_top/csynth.log,875ba00ee706a8bb2ba413d03f0cef3e6e2d93da1d7885774969a4527216b553,final_csynth
reports/gate4_0/w4/csynth_final/synth_lsu_top/csynth.time,ed07f3ea9ceabda9f149426790a3c2b15583858af4b9654d038e580051dda031,final_csynth
reports/gate4_0/w4/csynth_final/synth_lsu_top/synth_lsu_top_csynth.rpt,61840046d2569f5b247be0f1ad84ecc663dcc5e0eb3c14b8a5e199e76f931d3a,final_csynth
reports/gate4_0/w4/csynth_final/synth_lsu_top/synth_lsu_top_csynth.xml,45687270421d8eac29bc5f72042edfd260175f030d42f54f1a6218c9a5084930,final_csynth
reports/gate4_0/w4/csynth_final/synth_lsu_top/verbose/synth_lsu_top.verbose.bind.rpt,906fcfeabc062d9b3ddf2896084857d0cf881610c7dc247ff16491fe11229fb3,final_csynth
reports/gate4_0/w4/csynth_final/synth_lsu_top/verbose/synth_lsu_top.verbose.rpt,c3204da3fe3d481ce3ecf4af1b17e14eff16a2530b492bf994e04939009c7b4e,final_csynth
reports/gate4_0/w4/csynth_final/synth_lsu_top/verbose/synth_lsu_top.verbose.sched.rpt,783f2ac002bad6cfca899f678b30fd74899e05667b9474d8242c36fb61f90284,final_csynth
reports/gate4_0/w4/csynth_final/synth_rob_top/csynth.log,1fcdbe3a91df53148f3a3cee0d7645b473a189ef9dd07e1c110364247d685e84,final_csynth
reports/gate4_0/w4/csynth_final/synth_rob_top/csynth.time,e9874dc869c03d551cf57ebf68906c8dd50452bbc2002896c42a5825c3f2d286,final_csynth
reports/gate4_0/w4/csynth_final/synth_rob_top/synth_rob_top_csynth.rpt,ec6125d7971b951dab66081784c32767501522ce5192e1adea0f88df335a9af0,final_csynth
reports/gate4_0/w4/csynth_final/synth_rob_top/synth_rob_top_csynth.xml,e4ad8abc49fa3b48912ef738c16841e9ad44feef81f62e338259394e99e6a15a,final_csynth
reports/gate4_0/w4/csynth_final/synth_rob_top/verbose/synth_rob_top.verbose.bind.rpt,7fc9ab988cf7894a53e0bf6c01578393d679c768aab2fe0d7241d8eae3335af3,final_csynth
reports/gate4_0/w4/csynth_final/synth_rob_top/verbose/synth_rob_top.verbose.rpt,fcca59617e5d84bb4527cd59e20c4512d77da30f1c3aeb61f37154fa79275f27,final_csynth
reports/gate4_0/w4/csynth_final/synth_rob_top/verbose/synth_rob_top.verbose.sched.rpt,fcd46e1cc416d534019f3c3d0ed8bd26dc449b4656d4311756c81bd08f548487,final_csynth
